sequence_id,length,encoding,stem_mode,min_stem_length,num_variables,num_quadratic_terms,qubo_density,representable,representable_fraction,mfe_energy
syn_20_000,20,pair,pair,,61,1229,0.6715846994535519,True,1.0,-3.0999999046325684
syn_20_000,20,stem,maximal,1.0,40,647,0.8294871794871795,True,1.0,-3.0999999046325684
syn_20_000,20,stem,maximal,2.0,10,44,0.9777777777777777,True,1.0,-3.0999999046325684
syn_20_000,20,stem,maximal,3.0,7,21,1.0,True,1.0,-3.0999999046325684
syn_20_000,20,stem,substems,1.0,98,4100,0.8626130864717021,True,1.0,-3.0999999046325684
syn_20_000,20,stem,substems,2.0,37,655,0.9834834834834835,True,1.0,-3.0999999046325684
syn_20_000,20,stem,substems,3.0,16,120,1.0,True,1.0,-3.0999999046325684
syn_20_001,20,pair,pair,,54,958,0.6694619147449337,True,1.0,-3.0
syn_20_001,20,stem,maximal,1.0,36,533,0.846031746031746,True,1.0,-3.0
syn_20_001,20,stem,maximal,2.0,13,73,0.9358974358974359,True,1.0,-3.0
syn_20_001,20,stem,maximal,3.0,4,6,1.0,False,0.6666666666666666,-3.0
syn_20_001,20,stem,substems,1.0,78,2506,0.8344988344988346,True,1.0,-3.0
syn_20_001,20,stem,substems,2.0,24,264,0.9565217391304348,True,1.0,-3.0
syn_20_001,20,stem,substems,3.0,6,15,1.0,False,0.6666666666666666,-3.0
syn_20_002,20,pair,pair,,61,1174,0.6415300546448087,True,1.0,-4.0
syn_20_002,20,stem,maximal,1.0,38,591,0.8406827880512091,True,1.0,-4.0
syn_20_002,20,stem,maximal,2.0,18,147,0.9607843137254902,True,1.0,-4.0
syn_20_002,20,stem,maximal,3.0,5,10,1.0,False,0.6,-4.0
syn_20_002,20,stem,substems,1.0,89,3166,0.8084780388151175,True,1.0,-4.0
syn_20_002,20,stem,substems,2.0,28,365,0.9656084656084656,True,1.0,-4.0
syn_20_002,20,stem,substems,3.0,5,10,1.0,False,0.6,-4.0
syn_20_003,20,pair,pair,,69,1583,0.6747655583972719,True,1.0,-5.0
syn_20_003,20,stem,maximal,1.0,38,608,0.8648648648648649,True,1.0,-5.0
syn_20_003,20,stem,maximal,2.0,17,133,0.9779411764705882,True,1.0,-5.0
syn_20_003,20,stem,maximal,3.0,8,28,1.0,True,1.0,-5.0
syn_20_003,20,stem,substems,1.0,123,6558,0.8740503798480608,True,1.0,-5.0
syn_20_003,20,stem,substems,2.0,54,1415,0.9888190076869322,True,1.0,-5.0
syn_20_003,20,stem,substems,3.0,23,253,1.0,True,1.0,-5.0
syn_20_004,20,pair,pair,,40,509,0.6525641025641026,True,1.0,-3.5
syn_20_004,20,stem,maximal,1.0,33,432,0.8181818181818182,True,1.0,-3.5
syn_20_004,20,stem,maximal,2.0,5,10,1.0,True,1.0,-3.5
syn_20_004,20,stem,maximal,3.0,1,0,0.0,True,1.0,-3.5
syn_20_004,20,stem,substems,1.0,50,994,0.8114285714285714,True,1.0,-3.5
syn_20_004,20,stem,substems,2.0,10,45,1.0,True,1.0,-3.5
syn_20_004,20,stem,substems,3.0,3,3,1.0,True,1.0,-3.5
syn_30_000,30,pair,pair,,125,4217,0.5441290322580645,True,1.0,-5.099999904632568
syn_30_000,30,stem,maximal,1.0,84,2396,0.6873207114170969,True,1.0,-5.099999904632568
syn_30_000,30,stem,maximal,2.0,28,341,0.9021164021164021,True,1.0,-5.099999904632568
syn_30_000,30,stem,maximal,3.0,8,28,1.0,True,1.0,-5.099999904632568
syn_30_000,30,stem,substems,1.0,186,12195,0.7088055797733217,True,1.0,-5.099999904632568
syn_30_000,30,stem,substems,2.0,61,1674,0.9147540983606557,True,1.0,-5.099999904632568
syn_30_000,30,stem,substems,3.0,20,190,1.0,True,1.0,-5.099999904632568
syn_30_001,30,pair,pair,,150,6072,0.5433557046979866,True,1.0,-8.899999618530273
syn_30_001,30,stem,maximal,1.0,98,3185,0.6701030927835051,True,1.0,-8.899999618530273
syn_30_001,30,stem,maximal,2.0,35,506,0.8504201680672269,False,0.8888888888888888,-8.899999618530273
syn_30_001,30,stem,maximal,3.0,11,54,0.9818181818181818,False,0.8888888888888888,-8.899999618530273
syn_30_001,30,stem,substems,1.0,228,18244,0.7050003864286266,True,1.0,-8.899999618530273
syn_30_001,30,stem,substems,2.0,78,2683,0.8934398934398934,False,0.8888888888888888,-8.899999618530273
syn_30_001,30,stem,substems,3.0,26,320,0.9846153846153847,False,0.8888888888888888,-8.899999618530273
syn_30_002,30,pair,pair,,141,5482,0.5554204660587639,True,1.0,-8.600000381469727
syn_30_002,30,stem,maximal,1.0,91,2874,0.7018315018315018,True,1.0,-8.600000381469727
syn_30_002,30,stem,maximal,2.0,28,293,0.7751322751322751,True,1.0,-8.600000381469727
syn_30_002,30,stem,maximal,3.0,11,55,1.0,True,1.0,-8.600000381469727
syn_30_002,30,stem,substems,1.0,229,19263,0.7378763502643071,True,1.0,-8.600000381469727
syn_30_002,30,stem,substems,2.0,88,3496,0.9132706374085684,True,1.0,-8.600000381469727
syn_30_002,30,stem,substems,3.0,38,702,0.9985775248933144,True,1.0,-8.600000381469727
syn_30_003,30,pair,pair,,126,4205,0.533968253968254,True,1.0,-4.900000095367432
syn_30_003,30,stem,maximal,1.0,94,2923,0.6687256920613132,True,1.0,-4.900000095367432
syn_30_003,30,stem,maximal,2.0,22,199,0.8614718614718615,False,0.875,-4.900000095367432
syn_30_003,30,stem,maximal,3.0,7,21,1.0,False,0.875,-4.900000095367432
syn_30_003,30,stem,substems,1.0,171,9900,0.6811145510835913,True,1.0,-4.900000095367432
syn_30_003,30,stem,substems,2.0,45,888,0.896969696969697,False,0.875,-4.900000095367432
syn_30_003,30,stem,substems,3.0,13,78,1.0,False,0.875,-4.900000095367432
syn_30_004,30,pair,pair,,120,3962,0.5549019607843138,True,1.0,-10.199999809265137
syn_30_004,30,stem,maximal,1.0,89,2753,0.7030132788559755,True,1.0,-10.199999809265137
syn_30_004,30,stem,maximal,2.0,21,191,0.9095238095238095,True,1.0,-10.199999809265137
syn_30_004,30,stem,maximal,3.0,7,19,0.9047619047619048,True,1.0,-10.199999809265137
syn_30_004,30,stem,substems,1.0,165,9463,0.6994087213599409,True,1.0,-10.199999809265137
syn_30_004,30,stem,substems,2.0,45,848,0.8565656565656565,True,1.0,-10.199999809265137
syn_30_004,30,stem,substems,3.0,14,70,0.7692307692307693,True,1.0,-10.199999809265137
syn_40_000,40,pair,pair,,247,14954,0.4922155294427438,True,1.0,-9.300000190734863
syn_40_000,40,stem,maximal,1.0,164,7999,0.5984587759988029,True,1.0,-9.300000190734863
syn_40_000,40,stem,maximal,2.0,58,1264,0.764670296430732,True,1.0,-9.300000190734863
syn_40_000,40,stem,maximal,3.0,15,97,0.9238095238095239,False,0.7777777777777778,-9.300000190734863
syn_40_000,40,stem,substems,1.0,366,41376,0.6194475634403773,True,1.0,-9.300000190734863
syn_40_000,40,stem,substems,2.0,119,5572,0.7936191425722832,True,1.0,-9.300000190734863
syn_40_000,40,stem,substems,3.0,36,567,0.9,False,0.7777777777777778,-9.300000190734863
syn_40_001,40,pair,pair,,283,19891,0.4984838232714332,True,1.0,-11.199999809265137
syn_40_001,40,stem,maximal,1.0,170,9011,0.6272885485555169,True,1.0,-11.199999809265137
syn_40_001,40,stem,maximal,2.0,68,1779,0.7809482001755926,True,1.0,-11.199999809265137
syn_40_001,40,stem,maximal,3.0,28,328,0.8677248677248677,True,1.0,-11.199999809265137
syn_40_001,40,stem,substems,1.0,465,67011,0.621162402669633,True,1.0,-11.199999809265137
syn_40_001,40,stem,substems,2.0,182,12638,0.7672879606581264,True,1.0,-11.199999809265137
syn_40_001,40,stem,substems,3.0,69,2099,0.8947144075021313,True,1.0,-11.199999809265137
syn_40_002,40,pair,pair,,275,18741,0.4974386197743862,True,1.0,-10.199999809265137
syn_40_002,40,stem,maximal,1.0,165,8393,0.6203252032520326,True,1.0,-10.199999809265137
syn_40_002,40,stem,maximal,2.0,61,1424,0.7781420765027323,True,1.0,-10.199999809265137
syn_40_002,40,stem,maximal,3.0,28,317,0.8386243386243386,False,0.8333333333333334,-10.199999809265137
syn_40_002,40,stem,substems,1.0,467,68997,0.6340994936173733,True,1.0,-10.199999809265137
syn_40_002,40,stem,substems,2.0,192,14094,0.768651832460733,True,1.0,-10.199999809265137
syn_40_002,40,stem,substems,3.0,82,2744,0.8262571514604035,False,0.8333333333333334,-10.199999809265137
syn_40_003,40,pair,pair,,215,11550,0.5020647685285807,True,1.0,-8.5
syn_40_003,40,stem,maximal,1.0,151,7031,0.6208388520971302,True,1.0,-8.5
syn_40_003,40,stem,maximal,2.0,43,730,0.8084163898117387,True,1.0,-8.5
syn_40_003,40,stem,maximal,3.0,16,102,0.85,True,1.0,-8.5
syn_40_003,40,stem,substems,1.0,306,29028,0.622050787528126,True,1.0,-8.5
syn_40_003,40,stem,substems,2.0,91,3303,0.8065934065934066,True,1.0,-8.5
syn_40_003,40,stem,substems,3.0,27,313,0.8917378917378918,True,1.0,-8.5
syn_40_004,40,pair,pair,,259,17011,0.5091436951902069,True,1.0,-8.399999618530273
syn_40_004,40,stem,maximal,1.0,169,8714,0.6138348830656523,True,1.0,-8.399999618530273
syn_40_004,40,stem,maximal,2.0,57,1257,0.7875939849624061,False,0.9090909090909091,-8.399999618530273
syn_40_004,40,stem,maximal,3.0,23,235,0.9288537549407114,False,0.9090909090909091,-8.399999618530273
syn_40_004,40,stem,substems,1.0,394,50118,0.6473437439454411,True,1.0,-8.399999618530273
syn_40_004,40,stem,substems,2.0,135,7425,0.8208955223880597,False,0.9090909090909091,-8.399999618530273
syn_40_004,40,stem,substems,3.0,45,915,0.9242424242424242,False,0.9090909090909091,-8.399999618530273
syn_50_000,50,pair,pair,,370,31737,0.46490881125027467,True,1.0,-8.300000190734863
syn_50_000,50,stem,maximal,1.0,268,19329,0.5402481972161663,True,1.0,-8.300000190734863
syn_50_000,50,stem,maximal,2.0,78,2213,0.736929736929737,True,1.0,-8.300000190734863
syn_50_000,50,stem,maximal,3.0,19,145,0.847953216374269,True,1.0,-8.300000190734863
syn_50_000,50,stem,substems,1.0,502,71182,0.5660551407145867,True,1.0,-8.300000190734863
syn_50_000,50,stem,substems,2.0,132,6632,0.76705991209808,True,1.0,-8.300000190734863
syn_50_000,50,stem,substems,3.0,30,393,0.903448275862069,True,1.0,-8.300000190734863
syn_50_001,50,pair,pair,,452,46614,0.457331789729804,True,1.0,-11.199999809265137
syn_50_001,50,stem,maximal,1.0,272,20096,0.5452572172780551,True,1.0,-11.199999809265137
syn_50_001,50,stem,maximal,2.0,111,4096,0.670925470925471,True,1.0,-11.199999809265137
syn_50_001,50,stem,maximal,3.0,42,713,0.8281068524970964,True,1.0,-11.199999809265137
syn_50_001,50,stem,substems,1.0,745,160967,0.5808147506675326,True,1.0,-11.199999809265137
syn_50_001,50,stem,substems,2.0,293,31409,0.7342325494413016,True,1.0,-11.199999809265137
syn_50_001,50,stem,substems,3.0,113,5609,0.886378002528445,True,1.0,-11.199999809265137
syn_50_002,50,pair,pair,,326,24960,0.47116564417177914,True,1.0,-8.0
syn_50_002,50,stem,maximal,1.0,241,16012,0.5536652835408022,True,1.0,-8.0
syn_50_002,50,stem,maximal,2.0,64,1490,0.7390873015873016,True,1.0,-8.0
syn_50_002,50,stem,maximal,3.0,14,84,0.9230769230769231,True,1.0,-8.0
syn_50_002,50,stem,substems,1.0,441,55133,0.5682642754071325,True,1.0,-8.0
syn_50_002,50,stem,substems,2.0,115,5162,0.787490465293669,True,1.0,-8.0
syn_50_002,50,stem,substems,3.0,30,420,0.9655172413793104,True,1.0,-8.0
syn_50_003,50,pair,pair,,399,36447,0.45902444553595045,True,1.0,-9.100000381469727
syn_50_003,50,stem,maximal,1.0,276,20896,0.5506192358366271,True,1.0,-9.100000381469727
syn_50_003,50,stem,maximal,2.0,90,2700,0.6741573033707865,True,1.0,-9.100000381469727
syn_50_003,50,stem,maximal,3.0,26,248,0.7630769230769231,False,0.5555555555555556,-9.100000381469727
syn_50_003,50,stem,substems,1.0,564,87504,0.5511507501606138,True,1.0,-9.100000381469727
syn_50_003,50,stem,substems,2.0,165,9266,0.6848484848484848,True,1.0,-9.100000381469727
syn_50_003,50,stem,substems,3.0,42,679,0.7886178861788617,False,0.5555555555555556,-9.100000381469727
syn_50_004,50,pair,pair,,427,45758,0.5031060681026047,True,1.0,-9.800000190734863
syn_50_004,50,stem,maximal,1.0,261,19924,0.5872089596227528,True,1.0,-9.800000190734863
syn_50_004,50,stem,maximal,2.0,97,3554,0.7633161512027491,True,1.0,-9.800000190734863
syn_50_004,50,stem,maximal,3.0,42,728,0.8455284552845529,False,0.8333333333333334,-9.800000190734863
syn_50_004,50,stem,substems,1.0,699,155700,0.6382429258334665,True,1.0,-9.800000190734863
syn_50_004,50,stem,substems,2.0,272,29765,0.8076025613197308,True,1.0,-9.800000190734863
syn_50_004,50,stem,substems,3.0,106,4983,0.8954177897574124,False,0.8333333333333334,-9.800000190734863
syn_60_000,60,pair,pair,,653,94244,0.44271366698296677,True,1.0,-13.0
syn_60_000,60,stem,maximal,1.0,392,40497,0.5284331123753849,True,1.0,-13.0
syn_60_000,60,stem,maximal,2.0,160,7993,0.6283805031446541,False,0.9444444444444444,-13.0
syn_60_000,60,stem,maximal,3.0,66,1635,0.7622377622377622,False,0.8333333333333334,-13.0
syn_60_000,60,stem,substems,1.0,1061,302741,0.5383689292764036,True,1.0,-13.0
syn_60_000,60,stem,substems,2.0,408,54538,0.6568627450980392,False,0.9444444444444444,-13.0
syn_60_000,60,stem,substems,3.0,147,8232,0.7671232876712328,False,0.8333333333333334,-13.0
syn_60_001,60,pair,pair,,575,73190,0.4435085593091956,True,1.0,-11.399999618530273
syn_60_001,60,stem,maximal,1.0,394,39838,0.5145632321979825,True,1.0,-11.399999618530273
syn_60_001,60,stem,maximal,2.0,117,4519,0.665929855585028,True,1.0,-11.399999618530273
syn_60_001,60,stem,maximal,3.0,48,841,0.7455673758865248,True,1.0,-11.399999618530273
syn_60_001,60,stem,substems,1.0,837,183827,0.5254211612445908,True,1.0,-11.399999618530273
syn_60_001,60,stem,substems,2.0,262,22352,0.6537392881167559,True,1.0,-11.399999618530273
syn_60_001,60,stem,substems,3.0,81,2452,0.7567901234567901,True,1.0,-11.399999618530273
syn_60_002,60,pair,pair,,615,83942,0.44459627658165835,True,1.0,-18.799999237060547
syn_60_002,60,stem,maximal,1.0,410,42654,0.5087244319875962,True,1.0,-18.799999237060547
syn_60_002,60,stem,maximal,2.0,131,5832,0.6849089841456254,False,0.9333333333333333,-18.799999237060547
syn_60_002,60,stem,maximal,3.0,48,943,0.8359929078014184,False,0.9333333333333333,-18.799999237060547
syn_60_002,60,stem,substems,1.0,941,243579,0.5507472810726479,True,1.0,-18.799999237060547
syn_60_002,60,stem,substems,2.0,326,37842,0.7143369513921661,False,0.9333333333333333,-18.799999237060547
syn_60_002,60,stem,substems,3.0,121,6472,0.8914600550964187,False,0.9333333333333333,-18.799999237060547
syn_60_003,60,pair,pair,,632,87824,0.4404501594816345,True,1.0,-11.5
syn_60_003,60,stem,maximal,1.0,398,40727,0.5155120691619306,True,1.0,-11.5
syn_60_003,60,stem,maximal,2.0,139,6363,0.663434469815452,True,1.0,-11.5
syn_60_003,60,stem,maximal,3.0,62,1477,0.7810682178741407,False,0.7894736842105263,-11.5
syn_60_003,60,stem,substems,1.0,1001,264343,0.5281578421578421,True,1.0,-11.5
syn_60_003,60,stem,substems,2.0,369,43500,0.6406857546836338,True,1.0,-11.5
syn_60_003,60,stem,substems,3.0,135,6649,0.73510226644555,False,0.7894736842105263,-11.5
syn_60_004,60,pair,pair,,623,87200,0.45005754749603877,True,1.0,-16.799999237060547
syn_60_004,60,stem,maximal,1.0,383,39219,0.5361229204543901,True,1.0,-16.799999237060547
syn_60_004,60,stem,maximal,2.0,148,7015,0.644879573451002,True,1.0,-16.799999237060547
syn_60_004,60,stem,maximal,3.0,61,1412,0.7715846994535519,True,1.0,-16.799999237060547
syn_60_004,60,stem,substems,1.0,1004,273436,0.5430640349866734,True,1.0,-16.799999237060547
syn_60_004,60,stem,substems,2.0,381,47775,0.659966846249482,True,1.0,-16.799999237060547
syn_60_004,60,stem,substems,3.0,141,7699,0.7800405268490375,True,1.0,-16.799999237060547
syn_80_000,80,pair,pair,,1216,305025,0.4129101689408707,True,1.0,-27.799999237060547
syn_80_000,80,stem,maximal,1.0,757,134662,0.470605914463246,True,1.0,-27.799999237060547
syn_80_000,80,stem,maximal,2.0,301,25672,0.56859357696567,False,0.9545454545454546,-27.799999237060547
syn_80_000,80,stem,maximal,3.0,105,3572,0.6542124542124542,False,0.9545454545454546,-27.799999237060547
syn_80_000,80,stem,substems,1.0,1911,873722,0.47875046917679676,True,1.0,-27.799999237060547
syn_80_000,80,stem,substems,2.0,695,137281,0.5692409760952045,False,0.9545454545454546,-27.799999237060547
syn_80_000,80,stem,substems,3.0,236,18119,0.6534078615218175,False,0.9545454545454546,-27.799999237060547
syn_80_001,80,pair,pair,,1097,246216,0.4095708934120262,True,1.0,-13.300000190734863
syn_80_001,80,stem,maximal,1.0,694,113150,0.4705349085752544,True,1.0,-13.300000190734863
syn_80_001,80,stem,maximal,2.0,257,18888,0.5741731517509727,True,1.0,-13.300000190734863
syn_80_001,80,stem,maximal,3.0,90,2616,0.6531835205992509,False,0.875,-13.300000190734863
syn_80_001,80,stem,substems,1.0,1734,723132,0.48128233337393206,True,1.0,-13.300000190734863
syn_80_001,80,stem,substems,2.0,637,116591,0.5755704313655796,True,1.0,-13.300000190734863
syn_80_001,80,stem,substems,3.0,234,18595,0.6821099739554675,False,0.875,-13.300000190734863
syn_80_002,80,pair,pair,,1086,246940,0.4191426704347752,True,1.0,-28.200000762939453
syn_80_002,80,stem,maximal,1.0,647,101508,0.48572836765064764,True,1.0,-28.200000762939453
syn_80_002,80,stem,maximal,2.0,268,21028,0.5877354799038516,True,1.0,-28.200000762939453
syn_80_002,80,stem,maximal,3.0,104,3640,0.6796116504854369,False,0.9259259259259259,-28.200000762939453
syn_80_002,80,stem,substems,1.0,1810,805637,0.4920987450714506,True,1.0,-28.200000762939453
syn_80_002,80,stem,substems,2.0,724,152445,0.5824602828912679,True,1.0,-28.200000762939453
syn_80_002,80,stem,substems,3.0,285,26635,0.6581418334568816,False,0.9259259259259259,-28.200000762939453
syn_80_003,80,pair,pair,,1194,294417,0.4133787125063709,True,1.0,-22.600000381469727
syn_80_003,80,stem,maximal,1.0,738,130338,0.4792666379852401,True,1.0,-22.600000381469727
syn_80_003,80,stem,maximal,2.0,265,20284,0.579874213836478,False,0.9130434782608695,-22.600000381469727
syn_80_003,80,stem,maximal,3.0,127,4838,0.6046744156980377,False,0.8260869565217391,-22.600000381469727
syn_80_003,80,stem,substems,1.0,1939,903287,0.48075540305424846,True,1.0,-22.600000381469727
syn_80_003,80,stem,substems,2.0,745,157588,0.5686223569315147,False,0.9130434782608695,-22.600000381469727
syn_80_003,80,stem,substems,3.0,289,27083,0.6507833525567089,False,0.8260869565217391,-22.600000381469727
syn_80_004,80,pair,pair,,1135,265935,0.41323450574551895,True,1.0,-24.0
syn_80_004,80,stem,maximal,1.0,689,112940,0.47650791507746315,True,1.0,-24.0
syn_80_004,80,stem,maximal,2.0,276,21774,0.5737549407114625,True,1.0,-24.0
syn_80_004,80,stem,maximal,3.0,103,3423,0.6516276413478013,False,0.8947368421052632,-24.0
syn_80_004,80,stem,substems,1.0,1871,854585,0.48850596066617696,True,1.0,-24.0
syn_80_004,80,stem,substems,2.0,736,159530,0.5898033126293996,True,1.0,-24.0
syn_80_004,80,stem,substems,3.0,290,29345,0.700274430258919,False,0.8947368421052632,-24.0
syn_100_000,100,pair,pair,,1935,760105,0.4062245309690056,True,1.0,-33.70000076293945
syn_100_000,100,stem,maximal,1.0,1113,279993,0.4524569024026062,True,1.0,-33.70000076293945
syn_100_000,100,stem,maximal,2.0,464,59586,0.5547218291502197,True,1.0,-33.70000076293945
syn_100_000,100,stem,maximal,3.0,192,11411,0.6223276614310645,False,0.9354838709677419,-33.70000076293945
syn_100_000,100,stem,substems,1.0,3420,2811352,0.4808615083580063,True,1.0,-33.70000076293945
syn_100_000,100,stem,substems,2.0,1485,628680,0.5705573252743064,True,1.0,-33.70000076293945
syn_100_000,100,stem,substems,3.0,663,143004,0.6516383918196607,False,0.9354838709677419,-33.70000076293945
syn_100_001,100,pair,pair,,1773,621920,0.3959059837874106,True,1.0,-22.5
syn_100_001,100,stem,maximal,1.0,1138,284595,0.43990058010396427,True,1.0,-22.5
syn_100_001,100,stem,maximal,2.0,406,44563,0.5420300431794685,False,0.9642857142857143,-22.5
syn_100_001,100,stem,maximal,3.0,156,7255,0.6000827129859387,False,0.75,-22.5
syn_100_001,100,stem,substems,1.0,2748,1705551,0.451876044211788,True,1.0,-22.5
syn_100_001,100,stem,substems,2.0,975,254260,0.5354814931816986,False,0.9642857142857143,-22.5
syn_100_001,100,stem,substems,3.0,340,35613,0.6179593961478397,False,0.75,-22.5
syn_100_002,100,pair,pair,,1638,539436,0.4023530938619515,True,1.0,-22.5
syn_100_002,100,stem,maximal,1.0,1126,277890,0.438744819419775,True,1.0,-22.5
syn_100_002,100,stem,maximal,2.0,351,33833,0.5508017908017908,True,1.0,-22.5
syn_100_002,100,stem,maximal,3.0,112,4028,0.648005148005148,False,0.9259259259259259,-22.5
syn_100_002,100,stem,substems,1.0,2388,1308544,0.45912568006910687,True,1.0,-22.5
syn_100_002,100,stem,substems,2.0,750,156802,0.5582625723186471,True,1.0,-22.5
syn_100_002,100,stem,substems,3.0,238,18127,0.6427330425841222,False,0.9259259259259259,-22.5
syn_100_003,100,pair,pair,,1619,530171,0.40478144652767545,True,1.0,-18.899999618530273
syn_100_003,100,stem,maximal,1.0,1099,269648,0.44691730021165127,True,1.0,-18.899999618530273
syn_100_003,100,stem,maximal,2.0,341,31609,0.5452647921338624,True,1.0,-18.899999618530273
syn_100_003,100,stem,maximal,3.0,128,5165,0.6354576771653543,True,1.0,-18.899999618530273
syn_100_003,100,stem,substems,1.0,2387,1293830,0.45434353657050575,True,1.0,-18.899999618530273
syn_100_003,100,stem,substems,2.0,768,157728,0.5355280312907431,True,1.0,-18.899999618530273
syn_100_003,100,stem,substems,3.0,248,18370,0.5997779809324801,True,1.0,-18.899999618530273
syn_100_004,100,pair,pair,,1815,664943,0.40392478458029224,True,1.0,-18.600000381469727
syn_100_004,100,stem,maximal,1.0,1151,294782,0.44540777395837267,True,1.0,-18.600000381469727
syn_100_004,100,stem,maximal,2.0,427,49151,0.5404118701278711,True,1.0,-18.600000381469727
syn_100_004,100,stem,maximal,3.0,155,7746,0.6490155006284039,True,1.0,-18.600000381469727
syn_100_004,100,stem,substems,1.0,2828,1850131,0.4628361390891729,True,1.0,-18.600000381469727
syn_100_004,100,stem,substems,2.0,1013,282594,0.5513190187639735,True,1.0,-18.600000381469727
syn_100_004,100,stem,substems,3.0,349,39202,0.6455554457728157,True,1.0,-18.600000381469727
syn_120_000,120,pair,pair,,2439,1180777,0.39714799937170825,True,1.0,-29.5
syn_120_000,120,stem,maximal,1.0,1580,542078,0.4345628141509207,True,1.0,-29.5
syn_120_000,120,stem,maximal,2.0,528,71440,0.5134839859697544,False,0.9629629629629629,-29.5
syn_120_000,120,stem,maximal,3.0,212,13197,0.590047393364929,False,0.9629629629629629,-29.5
syn_120_000,120,stem,substems,1.0,3835,3311811,0.45048264379847097,True,1.0,-29.5
syn_120_000,120,stem,substems,2.0,1396,516370,0.530311899846977,False,0.9629629629629629,-29.5
syn_120_000,120,stem,substems,3.0,537,88454,0.6146224186330915,False,0.9629629629629629,-29.5
syn_120_001,120,pair,pair,,2552,1262631,0.38789601225900716,True,1.0,-25.200000762939453
syn_120_001,120,stem,maximal,1.0,1654,581294,0.4252237147511651,True,1.0,-25.200000762939453
syn_120_001,120,stem,maximal,2.0,599,88199,0.49245397848141553,True,1.0,-25.200000762939453
syn_120_001,120,stem,maximal,3.0,198,11331,0.5809875403784033,False,0.8125,-25.200000762939453
syn_120_001,120,stem,substems,1.0,3895,3285438,0.4332313364492821,True,1.0,-25.200000762939453
syn_120_001,120,stem,substems,2.0,1343,452972,0.5026582611387855,True,1.0,-25.200000762939453
syn_120_001,120,stem,substems,3.0,445,57609,0.5831460674157304,False,0.8125,-25.200000762939453
syn_120_002,120,pair,pair,,2522,1223479,0.38486515018491774,True,1.0,-30.5
syn_120_002,120,stem,maximal,1.0,1662,582159,0.4217654103373854,True,1.0,-30.5
syn_120_002,120,stem,maximal,2.0,586,84917,0.4954172865435664,True,1.0,-30.5
syn_120_002,120,stem,maximal,3.0,184,9205,0.5467450700879068,False,0.9354838709677419,-30.5
syn_120_002,120,stem,substems,1.0,3796,3094555,0.4296256651825443,True,1.0,-30.5
syn_120_002,120,stem,substems,2.0,1274,404936,0.49936552057526135,True,1.0,-30.5
syn_120_002,120,stem,substems,3.0,414,48970,0.5728088336783989,False,0.9354838709677419,-30.5
syn_120_003,120,pair,pair,,2538,1258006,0.39075147237745045,True,1.0,-27.600000381469727
syn_120_003,120,stem,maximal,1.0,1606,556778,0.43200769699297414,True,1.0,-27.600000381469727
syn_120_003,120,stem,maximal,2.0,575,82025,0.49704590213604,True,1.0,-27.600000381469727
syn_120_003,120,stem,maximal,3.0,238,16553,0.586923376945715,True,1.0,-27.600000381469727
syn_120_003,120,stem,substems,1.0,3995,3486303,0.4369887747766832,True,1.0,-27.600000381469727
syn_120_003,120,stem,substems,2.0,1457,537820,0.5070444312036625,True,1.0,-27.600000381469727
syn_120_003,120,stem,substems,3.0,525,80393,0.5844638313340603,True,1.0,-27.600000381469727
syn_120_004,120,pair,pair,,2477,1195936,0.38999701942849985,True,1.0,-39.099998474121094
syn_120_004,120,stem,maximal,1.0,1645,571784,0.42285773448997555,True,1.0,-39.099998474121094
syn_120_004,120,stem,maximal,2.0,542,75374,0.5141087640081576,False,0.9666666666666667,-39.099998474121094
syn_120_004,120,stem,maximal,3.0,196,11591,0.6065410779696494,False,0.9,-39.099998474121094
syn_120_004,120,stem,substems,1.0,3733,3046475,0.43734885033660276,True,1.0,-39.099998474121094
syn_120_004,120,stem,substems,2.0,1256,406513,0.5157878041972238,False,0.9666666666666667,-39.099998474121094
syn_120_004,120,stem,substems,3.0,424,52864,0.5894999776974887,False,0.9,-39.099998474121094
