sequence_id,length,reps,objective,shots,noise_backend,logical_qubits,hamiltonian_terms,qubo_density,circuit_depth,transpiled_depth,one_qubit_gates,two_qubit_gates,multi_qubit_gates,swap_gates,optimizer_iterations,circuit_evaluations,best_qubo_energy,found_ground_state,base_pair_f1,energy_gap,runtime_seconds
syn_20_000,20,1,expectation,256,none,10,55,0.9777777777777777,54,54,74,88,0,0,200,29,2.8,False,0.0,5.3999998569488525,0.5386442919261754
syn_20_000,20,1,expectation,1024,none,10,55,0.9777777777777777,54,54,74,88,0,0,200,31,0.0,False,0.0,3.0999999046325684,0.10436991741880774
syn_20_000,20,1,expectation,4096,none,10,55,0.9777777777777777,54,54,74,88,0,0,200,27,0.0,False,0.0,3.0999999046325684,0.16652033291757107
syn_20_000,20,2,expectation,256,none,10,55,0.9777777777777777,86,86,138,176,0,0,200,39,0.0,False,0.0,3.0999999046325684,0.11792220827192068
syn_20_000,20,2,expectation,1024,none,10,55,0.9777777777777777,86,86,138,176,0,0,200,44,-3.1,True,0.888888888888889,0.19999980926513672,0.1752814999781549
syn_20_000,20,2,expectation,4096,none,10,55,0.9777777777777777,86,86,138,176,0,0,200,36,-3.1,True,0.888888888888889,0.19999980926513672,0.24618120770901442
syn_20_000,20,3,expectation,256,none,10,55,0.9777777777777777,118,118,202,264,0,0,200,51,-3.1,True,0.888888888888889,0.19999980926513672,0.16888645803555846
syn_20_000,20,3,expectation,1024,none,10,55,0.9777777777777777,118,118,202,264,0,0,200,57,-3.1,True,0.888888888888889,0.19999980926513672,0.24194049974903464
syn_20_000,20,3,expectation,4096,none,10,55,0.9777777777777777,118,118,202,264,0,0,200,57,-3.1,True,0.888888888888889,0.19999980926513672,0.3950326661579311
syn_20_000,20,3,cvar,256,none,10,55,0.9777777777777777,118,118,202,264,0,0,200,47,-3.1,True,0.888888888888889,0.19999980926513672,0.16619787458330393
syn_20_000,20,1,expectation,256,fake_hanoi,10,55,0.9777777777777777,54,145,134,192,0,0,200,29,0.10000000000000053,False,0.0,2.5999999046325684,5.721470250282437
syn_20_001,20,1,expectation,256,none,13,87,0.9358974358974359,75,75,112,146,0,0,200,30,0.0,False,0.0,3.0,0.16561291692778468
syn_20_001,20,1,expectation,1024,none,13,87,0.9358974358974359,75,75,112,146,0,0,200,29,-3.2,True,1.0,0.0,0.2656554589048028
syn_20_001,20,1,expectation,4096,none,13,87,0.9358974358974359,75,75,112,146,0,0,200,35,-3.2,True,1.0,0.0,0.7085094582289457
syn_20_001,20,2,expectation,256,none,13,87,0.9358974358974359,131,131,211,292,0,0,200,47,3.5000000000000004,False,0.0,6.599999904632568,0.3297713748179376
syn_20_001,20,2,expectation,1024,none,13,87,0.9358974358974359,131,131,211,292,0,0,200,43,2.9000000000000004,False,0.0,6.099999904632568,0.49129150016233325
syn_20_001,20,2,expectation,4096,none,13,87,0.9358974358974359,131,131,211,292,0,0,200,41,0.0,False,0.0,3.0,0.8339820839464664
syn_20_001,20,3,expectation,256,none,13,87,0.9358974358974359,187,187,310,438,0,0,200,59,1.1000000000000005,False,0.8,4.299999952316284,0.6026157499291003
syn_20_001,20,3,expectation,1024,none,13,87,0.9358974358974359,187,187,310,438,0,0,200,58,-3.2,True,1.0,0.0,0.746467208955437
syn_20_001,20,3,expectation,4096,none,13,87,0.9358974358974359,187,187,310,438,0,0,200,61,-3.2,True,1.0,0.0,1.1041177501901984
syn_20_001,20,3,cvar,256,none,13,87,0.9358974358974359,187,187,310,438,0,0,200,52,3.3000000000000003,False,0.0,6.0,0.546666500158608
syn_20_001,20,1,expectation,256,fake_hanoi,13,87,0.9358974358974359,75,240,190,348,0,0,200,30,-3.2,True,1.0,0.0,38.726542541291565
syn_20_002,20,1,expectation,256,none,5,16,1.0,24,24,25,20,0,0,200,31,-2.1999999999999993,True,1.0,0.0,0.06312570814043283
syn_20_002,20,1,expectation,1024,none,5,16,1.0,24,24,25,20,0,0,200,28,-2.1999999999999993,True,1.0,0.0,0.06227070838212967
syn_20_002,20,1,expectation,4096,none,5,16,1.0,24,24,25,20,0,0,200,30,-2.1999999999999993,True,1.0,0.0,0.07104420941323042
syn_20_002,20,2,expectation,256,none,5,16,1.0,41,41,45,40,0,0,200,35,-2.1999999999999993,True,1.0,0.0,0.06961295800283551
syn_20_002,20,2,expectation,1024,none,5,16,1.0,41,41,45,40,0,0,200,37,-2.1999999999999993,True,1.0,0.0,0.07523674983531237
syn_20_002,20,2,expectation,4096,none,5,16,1.0,41,41,45,40,0,0,200,39,-2.1999999999999993,True,1.0,0.0,0.08868133323267102
syn_20_002,20,3,expectation,256,none,5,16,1.0,58,58,65,60,0,0,200,49,-2.1999999999999993,True,1.0,0.0,0.0934752500616014
syn_20_002,20,3,expectation,1024,none,5,16,1.0,58,58,65,60,0,0,200,61,-2.1999999999999993,True,1.0,0.0,0.11404729215428233
syn_20_002,20,3,expectation,4096,none,5,16,1.0,58,58,65,60,0,0,200,58,-2.1999999999999993,True,1.0,0.0,0.14275954198092222
syn_20_002,20,3,cvar,256,none,5,16,1.0,58,58,65,60,0,0,200,53,-2.1999999999999993,True,1.0,0.0,0.09878416731953621
syn_20_002,20,1,expectation,256,fake_hanoi,5,16,1.0,24,60,55,32,0,0,200,26,-2.1999999999999993,True,1.0,0.0,3.0832768753170967
syn_25_000,25,1,expectation,256,none,14,96,0.8901098901098901,78,78,123,162,0,0,200,26,43.300000000000004,False,0.0,2.799999952316284,0.23391474969685078
syn_25_000,25,1,expectation,1024,none,14,96,0.8901098901098901,78,78,123,162,0,0,200,29,11.700000000000001,False,1.0,0.0,0.40502208285033703
syn_25_000,25,1,expectation,4096,none,14,96,0.8901098901098901,78,78,123,162,0,0,200,29,0.0,False,0.0,4.099999904632568,0.8191867908462882
syn_25_000,25,2,expectation,256,none,14,96,0.8901098901098901,137,137,232,324,0,0,200,34,0.8999999999999995,False,0.0,4.699999928474426,0.4556305408477783
syn_25_000,25,2,expectation,1024,none,14,96,0.8901098901098901,137,137,232,324,0,0,200,45,4.300000000000001,False,0.0,7.099999904632568,0.7601732918992639
syn_25_000,25,2,expectation,4096,none,14,96,0.8901098901098901,137,137,232,324,0,0,200,38,-3.8,True,1.0,0.0,1.0261802501045167
syn_25_000,25,3,expectation,256,none,14,96,0.8901098901098901,196,196,341,486,0,0,200,58,15.299999999999997,False,0.8,1.5,1.024154792074114
syn_25_000,25,3,expectation,1024,none,14,96,0.8901098901098901,196,196,341,486,0,0,200,50,15.600000000000001,False,0.0,2.799999952316284,1.1259339577518404
syn_25_000,25,3,expectation,4096,none,14,96,0.8901098901098901,196,196,341,486,0,0,200,51,-0.10000000000000009,False,0.0,2.8999998569488525,2.0568088330328465
syn_25_000,25,3,cvar,256,none,14,96,0.8901098901098901,196,196,341,486,0,0,200,52,12.0,False,0.8,1.5,0.9078213339671493
syn_25_000,25,1,expectation,256,fake_hanoi,14,96,0.8901098901098901,78,260,207,416,0,0,200,32,15.299999999999997,False,0.8,1.5,120.63754837494344
syn_25_001,25,1,expectation,256,none,12,75,0.9393939393939394,78,78,98,124,0,0,200,31,-0.5,False,0.3636363636363636,3.199999988079071,0.2294557080604136
syn_25_001,25,1,expectation,1024,none,12,75,0.9393939393939394,78,78,98,124,0,0,200,34,-3.399999999999999,True,1.0,0.0,0.5219654161483049
syn_25_001,25,1,expectation,4096,none,12,75,0.9393939393939394,78,78,98,124,0,0,200,29,-0.2999999999999998,False,0.8,3.100000023841858,0.752596290782094
syn_25_001,25,2,expectation,256,none,12,75,0.9393939393939394,143,143,184,248,0,0,200,36,14.799999999999999,False,0.0,3.199999988079071,0.39900145772844553
syn_25_001,25,2,expectation,1024,none,12,75,0.9393939393939394,143,143,184,248,0,0,200,50,-0.5,False,0.3636363636363636,3.199999988079071,0.8005723343230784
syn_25_001,25,2,expectation,4096,none,12,75,0.9393939393939394,143,143,184,248,0,0,200,44,-3.399999999999999,True,1.0,0.0,1.4077374995686114
syn_25_001,25,3,expectation,256,none,12,75,0.9393939393939394,208,208,270,372,0,0,200,53,1.4000000000000004,False,0.0,5.100000023841858,0.6922445413656533
syn_25_001,25,3,expectation,1024,none,12,75,0.9393939393939394,208,208,270,372,0,0,200,53,-3.399999999999999,True,1.0,0.0,1.0097430418245494
syn_25_001,25,3,expectation,4096,none,12,75,0.9393939393939394,208,208,270,372,0,0,200,60,-3.399999999999999,True,1.0,0.0,2.05838012509048
syn_25_001,25,3,cvar,256,none,12,75,0.9393939393939394,208,208,270,372,0,0,200,51,0.0,False,0.0,4.0,0.6577398339286447
syn_25_001,25,1,expectation,256,fake_hanoi,12,75,0.9393939393939394,78,214,170,294,0,0,200,28,11.0,False,0.0,4.4000000059604645,29.103629792109132
syn_25_002,25,1,expectation,256,none,12,74,0.9242424242424242,75,75,97,122,0,0,200,38,-1.4,False,0.8333333333333333,1.8000001907348633,0.2262145420536399
syn_25_002,25,1,expectation,1024,none,12,74,0.9242424242424242,75,75,97,122,0,0,200,31,-3.200000000000001,True,1.0,0.0,0.3122342498973012
syn_25_002,25,1,expectation,4096,none,12,74,0.9242424242424242,75,75,97,122,0,0,200,30,-1.200000000000001,False,0.6153846153846153,1.6000001430511475,0.644738458096981
syn_25_002,25,2,expectation,256,none,12,74,0.9242424242424242,137,137,182,244,0,0,200,42,0.0,False,0.0,4.300000190734863,0.3813809580169618
syn_25_002,25,2,expectation,1024,none,12,74,0.9242424242424242,137,137,182,244,0,0,200,37,0.0,False,0.0,4.300000190734863,0.5287662497721612
syn_25_002,25,2,expectation,4096,none,12,74,0.9242424242424242,137,137,182,244,0,0,200,41,-3.200000000000001,True,1.0,0.0,1.1375071667134762
syn_25_002,25,3,expectation,256,none,12,74,0.9242424242424242,199,199,267,366,0,0,200,47,0.0,False,0.0,4.300000190734863,0.5603211666457355
syn_25_002,25,3,expectation,1024,none,12,74,0.9242424242424242,199,199,267,366,0,0,200,49,0.1999999999999993,False,0.6,3.400000214576721,0.853744167368859
syn_25_002,25,3,expectation,4096,none,12,74,0.9242424242424242,199,199,267,366,0,0,200,55,-0.10000000000000053,False,0.36363636363636365,3.7000001668930054,1.5493403328582644
syn_25_002,25,3,cvar,256,none,12,74,0.9242424242424242,199,199,267,366,0,0,200,51,-1.200000000000001,False,0.6153846153846153,1.6000001430511475,0.5797531246207654
syn_25_002,25,1,expectation,256,fake_hanoi,12,74,0.9242424242424242,75,227,169,306,0,0,200,33,0.9999999999999991,False,0.8333333333333333,0.5000002384185791,31.26287058275193
syn_30_000,30,1,expectation,256,none,14,93,0.8681318681318682,78,78,120,156,0,0,200,34,8.400000000000002,False,0.0,13.900000095367432,0.43899829126894474
syn_30_000,30,1,expectation,1024,none,14,93,0.8681318681318682,78,78,120,156,0,0,200,29,-1.0999999999999996,False,0.0,5.000000238418579,0.5862437090836465
syn_30_000,30,1,expectation,4096,none,14,93,0.8681318681318682,78,78,120,156,0,0,200,25,0.0,False,0.0,6.800000190734863,1.0609994996339083
syn_30_000,30,2,expectation,256,none,14,93,0.8681318681318682,140,140,226,312,0,0,200,44,-1.0999999999999996,False,0.0,5.000000238418579,0.7605281672440469
syn_30_000,30,2,expectation,1024,none,14,93,0.8681318681318682,140,140,226,312,0,0,200,40,-6.1000000000000005,True,1.0,0.0,1.0061613749712706
syn_30_000,30,2,expectation,4096,none,14,93,0.8681318681318682,140,140,226,312,0,0,200,41,-1.0999999999999996,False,0.0,5.000000238418579,1.6591440420597792
syn_30_000,30,3,expectation,256,none,14,93,0.8681318681318682,202,202,332,468,0,0,200,51,12.1,False,0.0,4.900000214576721,1.2432760000228882
syn_30_000,30,3,expectation,1024,none,14,93,0.8681318681318682,202,202,332,468,0,0,200,57,4.9,False,0.0,11.900000095367432,1.7811236251145601
syn_30_000,30,3,expectation,4096,none,14,93,0.8681318681318682,202,202,332,468,0,0,200,55,-1.2000000000000002,False,0.0,4.900000214576721,2.6150376670993865
syn_30_000,30,3,cvar,256,none,14,93,0.8681318681318682,202,202,332,468,0,0,200,50,8.7,False,0.0,4.900000214576721,1.210362957790494
syn_30_000,30,1,expectation,256,fake_hanoi,14,93,0.8681318681318682,78,198,204,371,0,0,200,25,1.0000000000000004,False,0.0,6.400000184774399,101.04745491733775
syn_30_001,30,1,expectation,256,none,13,83,0.8846153846153846,81,81,108,138,0,0,200,30,1.9000000000000004,False,0.0,0.19999980926513672,0.245878417044878
syn_30_001,30,1,expectation,1024,none,13,83,0.8846153846153846,81,81,108,138,0,0,200,27,-3.0999999999999996,False,0.0,1.1999998092651367,0.35308762500062585
syn_30_001,30,1,expectation,4096,none,13,83,0.8846153846153846,81,81,108,138,0,0,200,32,-2.8999999999999995,False,0.8,1.5999999046325684,0.812718250323087
syn_30_001,30,2,expectation,256,none,13,83,0.8846153846153846,143,143,203,276,0,0,200,37,-1.0,False,0.0,3.299999952316284,0.3728865412995219
syn_30_001,30,2,expectation,1024,none,13,83,0.8846153846153846,143,143,203,276,0,0,200,50,-4.6,True,0.0,0.19999980926513672,0.5866508330218494
syn_30_001,30,2,expectation,4096,none,13,83,0.8846153846153846,143,143,203,276,0,0,200,44,0.0,False,0.0,4.599999904632568,1.2064408748410642
syn_30_001,30,3,expectation,256,none,13,83,0.8846153846153846,205,205,298,414,0,0,200,52,3.0999999999999996,False,0.4,7.8999998569488525,0.6619085413403809
syn_30_001,30,3,expectation,1024,none,13,83,0.8846153846153846,205,205,298,414,0,0,200,66,-3.0999999999999996,False,0.0,1.1999998092651367,1.1178460409864783
syn_30_001,30,3,expectation,4096,none,13,83,0.8846153846153846,205,205,298,414,0,0,200,50,-4.6,True,0.0,0.19999980926513672,1.74385437509045
syn_30_001,30,3,cvar,256,none,13,83,0.8846153846153846,205,205,298,414,0,0,200,50,8.2,False,0.0,0.19999980926513672,0.6351629160344601
syn_30_001,30,1,expectation,256,fake_hanoi,13,83,0.8846153846153846,81,255,186,349,0,0,200,30,-3.0999999999999996,False,0.0,1.1999998092651367,50.14129333337769
syn_30_002,30,1,expectation,256,none,13,92,1.0,78,78,117,156,0,0,200,34,-0.7000000000000002,False,0.8,2.799999952316284,0.25764170894399285
syn_30_002,30,1,expectation,1024,none,13,92,1.0,78,78,117,156,0,0,200,28,-0.7000000000000002,False,0.8,2.799999952316284,0.3694323329254985
syn_30_002,30,1,expectation,4096,none,13,92,1.0,78,78,117,156,0,0,200,29,-3.499999999999999,True,1.0,0.0,0.9273003749549389
syn_30_002,30,2,expectation,256,none,13,92,1.0,149,149,221,312,0,0,200,37,-0.7000000000000002,False,0.8,2.799999952316284,0.4048268753103912
syn_30_002,30,2,expectation,1024,none,13,92,1.0,149,149,221,312,0,0,200,38,2.9000000000000004,False,0.0,7.3999998569488525,0.608173708897084
syn_30_002,30,2,expectation,4096,none,13,92,1.0,149,149,221,312,0,0,200,36,-3.499999999999999,True,1.0,0.0,1.2156535419635475
syn_30_002,30,3,expectation,256,none,13,92,1.0,220,220,325,468,0,0,200,50,3.8,False,0.0,7.3999998569488525,0.677643375005573
syn_30_002,30,3,expectation,1024,none,13,92,1.0,220,220,325,468,0,0,200,52,-0.7000000000000002,False,0.8,2.799999952316284,0.9898128751665354
syn_30_002,30,3,expectation,4096,none,13,92,1.0,220,220,325,468,0,0,200,50,-3.499999999999999,True,1.0,0.0,1.709999166894704
syn_30_002,30,3,cvar,256,none,13,92,1.0,220,220,325,468,0,0,200,48,-2.899999999999999,False,0.8,0.5999999046325684,0.6676553329452872
syn_30_002,30,1,expectation,256,fake_hanoi,13,92,1.0,78,225,195,363,0,0,200,29,11.4,False,0.8,2.799999952316284,114.8462815838866
